{
    "payload_cells": [
        {
            "coordinates": {"x": 0, "y": 3, "z": 3},
            "state": "empty",
            "payload_id": -1,
            "payload_type": "None"
        },
        {
            "coordinates": {"x": 1, "y": 3, "z": 3},
            "state": "empty",
            "payload_id": -1,
            "payload_type": "None"
        },
        {
            "coordinates": {"x": 2, "y": 3, "z": 3},
            "state": "empty",
            "payload_id": -1,
            "payload_type": "None"
        },
        {
            "coordinates": {"x": 3, "y": 3, "z": 3},
            "state": "empty",
            "payload_id": -1,
            "payload_type": "None"
        },
        {
            "coordinates": {"x": 4, "y": 3, "z": 3},
            "state": "empty",
            "payload_id": -1,
            "payload_type": "None"
        },
        {
            "coordinates": {"x": 0, "y": 3, "z": 4},
            "state": "empty",
            "payload_id": -1,
            "payload_type": "None"
        }
    ],
    "charging_cells": [
        {
            "coordinates": {"Xkr": 1, "z": 7, "y": 2},
            "state": "empty",
            "battery_id": -1,
            "voltage": -1
        },
        {
            "coordinates": {"Xkr": 0, "z": 7, "y": 2},
            "state": "empty",
            "battery_id": -1,
            "voltage": -1
        }
    ]

}